ward_no,locality_name,latitude,longitude,area_sq_km,population_2011,households_2011,working_pop_2011,hospitals_count,pop_density_per_sq_km,est_population_2026,blinkit_demand_score,emergency_vulnerability_score
BOR_01,IC Colony / Holy Cross Zone,19.2452,72.8485,1.4,42000,9800,17200,1,30000.0,57303,19.36,15.0
BOR_02,Eksar / Yogi Nagar,19.2395,72.843,1.2,48000,11200,19500,0,40000.0,65489,24.38,40.0
BOR_03,Gorai Sector 1 & 2,19.238,72.833,2.1,56000,13100,22400,0,26666.67,76404,20.39,26.67
BOR_04,Shimpoli / Chikuwadi,19.227,72.844,1.3,51000,12200,21000,1,39230.77,69582,24.77,19.62
BOR_05,Borivali West Station / SV Road,19.2295,72.8565,0.9,62000,14500,26000,2,68888.89,84591,38.56,22.96
BOR_06,Vazira Naka / Babhai,19.234,72.849,1.1,46000,10800,18500,1,41818.18,62761,24.75,20.91
BOR_07,Borivali East Station / Daulat Nagar,19.231,72.862,1.0,58000,13600,23800,2,58000.0,79133,33.4,19.33
BOR_08,Kasturba Cross Road / Carter Road,19.226,72.8645,1.2,53000,12500,21700,1,44166.67,72311,27.01,22.08
BOR_09,Magathane / WEH Flyover Sector,19.2215,72.868,1.6,67000,15800,27500,0,41875.0,91413,28.57,41.88
BOR_10,Kulupwadi / National Park Edge,19.235,72.8695,2.5,38000,8900,15200,0,15200.0,51845,12.68,15.2
BOR_11,Kanderpada / Dahisar Border,19.251,72.8515,1.5,44000,10400,17900,0,29333.33,60032,19.47,29.33
BOR_12,Mandapeshwar / Caves Road,19.246,72.857,1.1,41000,9600,16800,1,37272.73,55938,22.11,18.64
BOR_13,Gorai Creek Waterfront / Mangrove belt,19.243,72.825,3.0,29000,6800,11600,0,9666.67,39566,8.91,9.67
BOR_14,Dev Nagar / Sai Baba Nagar,19.222,72.849,1.0,49000,11500,20100,1,49000.0,66853,28.22,24.5
BOR_15,Nancy Colony / Bus Depot Sector,19.2275,72.871,1.3,52000,12300,21300,1,40000.0,70947,25.18,20.0