ward_no,zone_name,latitude,longitude,area_sq_km,population_2011,households_2011,working_pop_2011,hospitals_count,pop_density_per_sq_km,est_population_2026,blinkit_demand_score,emergency_vulnerability_score
Ward_01,Bhayandar West,19.2867,72.8417,0.71,11441,2624,4674,2,16114.08,17061,8.43,5.37
Ward_02,Bhayandar West,19.2835,72.8613,2.18,9854,2226,3922,1,4520.18,14694,3.48,2.26
Ward_03,Bhayandar West,19.2934,72.845,1.76,9041,2095,3384,1,5136.93,13482,3.57,2.57
Ward_04,Bhayandar West,19.2939,72.8568,0.98,9035,2141,3373,1,9219.39,13473,5.22,4.61
Ward_05,Bhayandar West,19.2846,72.8608,2.43,8839,2154,3523,0,3637.45,13181,3.02,3.64
Ward_06,Bhayandar West,19.2853,72.8544,1.44,10477,2504,4344,1,7275.69,15624,4.78,3.64
Ward_07,Bhayandar West,19.2989,72.8455,1.59,8865,2133,3747,1,5575.47,13220,3.83,2.79
Ward_08,Bhayandar West,19.3016,72.8605,2.3,10186,2223,3715,1,4428.7,15190,3.4,2.21
Ward_09,Bhayandar West,19.2916,72.8447,1.63,7677,1707,2853,1,4709.82,11448,3.14,2.35
Ward_10,Bhayandar West,19.3067,72.8565,0.98,6241,1542,2584,1,6368.37,9307,3.68,3.18
Ward_11,Bhayandar West,19.2848,72.8466,0.82,11655,2611,4758,2,14213.41,17380,7.68,4.74
Ward_12,Bhayandar West,19.2845,72.8455,1.22,12419,2957,4965,0,10179.51,18520,6.25,10.18
Ward_13,Bhayandar West,19.2859,72.8551,2.05,12231,2855,5148,1,5966.34,18239,4.56,2.98
Ward_14,Bhayandar West,19.2955,72.8483,0.65,13590,3163,5594,1,20907.69,20266,10.75,10.45
Ward_15,Bhayandar West,19.3048,72.844,1.38,10417,2419,3907,2,7548.55,15534,4.77,2.52
Ward_16,Bhayandar West,19.29,72.8419,2.37,9452,2336,3481,2,3988.19,14095,3.23,1.33
Ward_17,Bhayandar West,19.3044,72.8509,2.13,12488,3037,5173,2,5862.91,18622,4.59,1.95
Ward_18,Bhayandar West,19.2885,72.8483,2.15,11021,2710,4137,0,5126.05,16435,3.96,5.13
Ward_19,Bhayandar West,19.2911,72.8606,1.21,4500,1105,1654,1,3719.01,6710,2.26,1.86
Ward_20,Bhayandar West,19.3063,72.8611,1.08,11063,2622,4494,1,10243.52,16497,6.05,5.12
Ward_21,Bhayandar East,19.3001,72.8542,1.13,7518,1722,2653,2,6653.1,11211,3.88,2.22
Ward_22,Bhayandar East,19.2997,72.8767,1.06,7718,1888,2849,1,7281.13,11509,4.24,3.64
Ward_23,Bhayandar East,19.3032,72.8682,1.62,8261,1957,3372,1,5099.38,12319,3.5,2.55
Ward_24,Bhayandar East,19.2925,72.854,1.72,12132,2893,5056,1,7053.49,18092,4.99,3.53
Ward_25,Bhayandar East,19.2922,72.8696,1.33,10222,2330,3762,2,7685.71,15243,4.76,2.56
Ward_26,Bhayandar East,19.2907,72.8752,2.27,9286,2208,3352,1,4090.75,13847,3.19,2.05
Ward_27,Bhayandar East,19.2938,72.8552,2.3,12809,2966,5052,2,5569.13,19101,4.42,1.86
Ward_28,Bhayandar East,19.2964,72.8704,2.3,11516,2739,4613,2,5006.96,17173,4.02,1.67
Ward_29,Bhayandar East,19.3096,72.8676,0.62,11744,2866,4189,1,18941.94,17513,9.56,9.47
Ward_30,Bhayandar East,19.2919,72.8662,1.91,13242,3307,5337,1,6932.98,19747,5.16,3.47
Ward_31,Bhayandar East,19.3059,72.8686,2.21,12036,2868,4441,1,5446.15,17948,4.21,2.72
Ward_32,Bhayandar East,19.2968,72.8594,1.06,7813,1926,3089,2,7370.75,11651,4.34,2.46
Ward_33,Bhayandar East,19.3001,72.8668,1.54,12396,2768,4964,1,8049.35,18485,5.32,4.02
Ward_34,Bhayandar East,19.2886,72.8685,0.94,9601,2303,3915,2,10213.83,14317,5.79,3.4
Ward_35,Bhayandar East,19.3085,72.8601,1.33,9889,2160,4225,2,7435.34,14747,4.68,2.48
Ward_36,Mira Road West / Uttan Coastal,19.2814,72.8305,1.92,12050,2937,4523,1,6276.04,17969,4.59,3.14
Ward_37,Mira Road West / Uttan Coastal,19.2804,72.8291,2.01,10777,2638,4625,1,5361.69,16071,4.12,2.68
Ward_38,Mira Road West / Uttan Coastal,19.275,72.8274,2.14,8177,1939,3321,2,3821.03,12194,2.97,1.27
Ward_39,Mira Road West / Uttan Coastal,19.2836,72.8248,2.11,10259,2290,4002,2,4862.09,15298,3.66,1.62
Ward_40,Mira Road West / Uttan Coastal,19.2703,72.8219,0.67,12379,2929,4667,1,18476.12,18460,9.5,9.24
Ward_41,Mira Road West / Uttan Coastal,19.2689,72.8277,1.28,5728,1425,2275,1,4475.0,8542,2.82,2.24
Ward_42,Mira Road West / Uttan Coastal,19.2732,72.8229,0.76,11093,2486,4346,1,14596.05,16542,7.7,7.3
Ward_43,Mira Road West / Uttan Coastal,19.2914,72.8204,1.21,16172,3645,6484,2,13365.29,24116,8.1,4.46
Ward_44,Mira Road West / Uttan Coastal,19.2699,72.8086,2.43,14808,3473,5503,2,6093.83,22082,4.93,2.03
Ward_45,Mira Road West / Uttan Coastal,19.274,72.8212,1.96,8270,2020,3009,1,4219.39,12332,3.1,2.11
Ward_46,Mira Road East (Station & Central),19.2887,72.8593,1.76,14353,3138,5344,1,8155.11,21404,5.59,4.08
Ward_47,Mira Road East (Station & Central),19.2738,72.8471,0.68,8373,2088,3438,2,12313.24,12486,6.45,4.1
Ward_48,Mira Road East (Station & Central),19.2733,72.8578,1.5,7000,1633,2844,0,4666.67,10438,3.09,4.67
Ward_49,Mira Road East (Station & Central),19.2862,72.8471,1.31,9568,2189,3653,1,7303.82,14268,4.53,3.65
Ward_50,Mira Road East (Station & Central),19.2868,72.8499,0.73,7080,1568,2762,1,9698.63,10558,5.06,4.85
Ward_51,Mira Road East (Station & Central),19.2803,72.8614,1.47,10374,2387,4411,0,7057.14,15470,4.66,7.06
Ward_52,Mira Road East (Station & Central),19.2803,72.8691,2.32,9236,2023,3635,0,3981.03,13773,3.13,3.98
Ward_53,Mira Road East (Station & Central),19.2913,72.8466,2.15,10902,2601,3877,0,5070.7,16257,3.84,5.07
Ward_54,Mira Road East (Station & Central),19.2877,72.8611,2.27,8643,2123,3219,2,3807.49,12889,3.02,1.27
Ward_55,Mira Road East (Station & Central),19.2904,72.8698,1.38,8625,1938,3141,0,6250.0,12862,3.9,6.25
Ward_56,Mira Road East (Station & Central),19.2792,72.8683,2.23,12391,2774,4705,1,5556.5,18478,4.27,2.78
Ward_57,Mira Road East (Station & Central),19.2831,72.8658,1.21,12263,2700,4393,2,10134.71,18287,6.01,3.38
Ward_58,Mira Road East (Station & Central),19.2927,72.8482,1.21,12233,3053,4662,0,10109.92,18242,6.2,10.11
Ward_59,Mira Road East (Station & Central),19.2789,72.8621,2.03,14980,3587,5780,2,7379.31,22339,5.54,2.46
Ward_60,Mira Road East (Station & Central),19.2829,72.8474,1.64,12863,3172,5314,1,7843.29,19182,5.47,3.92
Ward_61,Mira Road East (Kanakia & Peripheral),19.2783,72.8778,0.79,9427,2307,3387,1,11932.91,14058,6.37,5.97
Ward_62,Mira Road East (Kanakia & Peripheral),19.2797,72.8799,0.75,12209,3019,4957,0,16278.67,18206,8.71,16.28
Ward_63,Mira Road East (Kanakia & Peripheral),19.2837,72.8811,1.31,6579,1440,2730,1,5022.14,9811,3.13,2.51
Ward_64,Mira Road East (Kanakia & Peripheral),19.2702,72.8848,0.81,6681,1541,2753,0,8248.15,9963,4.47,8.25
Ward_65,Mira Road East (Kanakia & Peripheral),19.2629,72.8658,1.83,9444,2341,3659,0,5160.66,14083,3.73,5.16
Ward_66,Mira Road East (Kanakia & Peripheral),19.2831,72.872,1.14,10188,2342,4173,0,8936.84,15193,5.35,8.94
Ward_67,Mira Road East (Kanakia & Peripheral),19.2833,72.864,2.29,9341,2331,3989,1,4079.04,13929,3.36,2.04
Ward_68,Mira Road East (Kanakia & Peripheral),19.2733,72.8863,1.59,11344,2804,4871,0,7134.59,16916,4.95,7.13
Ward_69,Mira Road East (Kanakia & Peripheral),19.274,72.8846,0.69,13827,3159,5342,1,20039.13,20619,10.35,10.02
Ward_70,Mira Road East (Kanakia & Peripheral),19.2709,72.8779,1.13,12598,2778,5367,0,11148.67,18787,6.64,11.15
Ward_71,Mira Road East (Kanakia & Peripheral),19.2619,72.8864,2.47,9805,2253,3708,1,3969.64,14621,3.23,1.98
Ward_72,Mira Road East (Kanakia & Peripheral),19.2795,72.8794,0.91,6812,1627,2676,2,7485.71,10158,4.18,2.5
Ward_73,Kashimira & Highway Corridor,19.2668,72.8711,0.65,12054,2643,4622,1,18544.62,17975,9.4,9.27
Ward_74,Kashimira & Highway Corridor,19.2496,72.8843,1.32,13891,3024,5762,0,10523.48,20715,6.57,10.52
Ward_75,Kashimira & Highway Corridor,19.2474,72.8908,2.14,9913,2380,3798,2,4632.24,14782,3.56,1.54
Ward_76,Kashimira & Highway Corridor,19.2645,72.8927,2.21,13294,3067,5712,1,6015.38,19824,4.78,3.01
Ward_77,Kashimira & Highway Corridor,19.2515,72.8861,1.77,7530,1725,3210,0,4254.24,11229,3.03,4.25
Ward_78,Kashimira & Highway Corridor,19.2621,72.8825,2.07,9844,2419,3727,1,4755.56,14680,3.62,2.38
Ward_79,Kashimira & Highway Corridor,19.2557,72.8732,0.65,10624,2347,4195,2,16344.62,15843,8.32,5.45
